1774372224799,scheduler_loop,1,0,1
1774372224849,scheduler_loop,1,1,0
1774372224900,scheduler_loop,1,1,0
1774372224949,scheduler_loop,1,1,0
1774372225000,scheduler_loop,1,1,0
1774372225099,scheduler_loop,1,1,0
1774372225149,scheduler_loop,1,1,0
1774372225199,scheduler_loop,1,1,0
1774372225250,scheduler_loop,1,1,0
1774372225299,scheduler_loop,1,1,0
1774372225350,scheduler_loop,1,1,0
1774372225400,scheduler_loop,1,1,0
1774372225449,scheduler_loop,1,1,0
1774372225450,scheduler_loop,1,1,0
1774372225451,scheduler_loop,1,1,0
1774372225453,scheduler_loop,1,1,0
1774372225454,scheduler_loop,1,1,0
1774372225500,scheduler_loop,1,1,0
1774372225501,scheduler_loop,1,1,0
1774372225502,scheduler_loop,1,1,0
1774372225503,scheduler_loop,1,1,0
1774372225504,scheduler_loop,1,1,0
1774372225505,scheduler_loop,1,1,0
1774372225507,scheduler_loop,1,1,0
1774372225508,scheduler_loop,1,1,0
1774372225599,scheduler_loop,1,1,0
1774372225620,scheduler_loop,1,1,0
1774372225640,scheduler_loop,1,1,0
1774372225659,scheduler_loop,1,1,0
1774372225680,scheduler_loop,1,1,0
1774372225700,scheduler_loop,1,1,0
1774372225701,scheduler_loop,1,1,0
1774372225703,scheduler_loop,1,1,0
1774372225704,scheduler_loop,1,1,0
1774372225705,scheduler_loop,1,1,0
1774372225706,scheduler_loop,1,1,0
1774372225799,scheduler_loop,1,1,0
1774372225899,scheduler_loop,1,1,0
1774372226000,scheduler_loop,1,1,0
1774372226100,scheduler_loop,1,1,0
1774372226200,scheduler_loop,1,1,0
