1774373853141,Safe,NORMAL
1774373853150,Safe,NORMAL
1774373853150,Safe,NORMAL
1774373853150,Safe,NORMAL
1774373853150,Safe,NORMAL
1774373853150,Safe,NORMAL
1774373853150,Safe,NORMAL
1774373853150,Safe,NORMAL
1774373853150,Safe,NORMAL
1774373853150,Safe,NORMAL
1774373853150,Safe,NORMAL
1774373853150,Safe,NORMAL
1774373853150,Safe,NORMAL
1774373853150,Safe,NORMAL
1774373853150,Safe,NORMAL
1774373853150,Safe,NORMAL
1774373853150,Safe,NORMAL
1774373853150,Safe,NORMAL
1774373853150,Safe,NORMAL
1774373853150,Safe,NORMAL
1774373853150,Safe,NORMAL
1774373853150,Safe,NORMAL
1774373853150,Safe,NORMAL
1774373853150,Safe,NORMAL
1774373853150,Safe,NORMAL
1774373853151,Safe,NORMAL
1774373853151,Safe,NORMAL
1774373853151,Safe,NORMAL
1774373853151,Safe,NORMAL
1774373853151,Safe,NORMAL
1774373853151,Safe,NORMAL
1774373853151,Safe,NORMAL
1774373853151,Safe,NORMAL
1774373853151,Safe,NORMAL
1774373853151,Safe,NORMAL
1774373853151,Safe,NORMAL
1774373853151,Safe,NORMAL
1774373853151,Safe,NORMAL
1774373853151,Safe,NORMAL
1774373853151,Safe,NORMAL
1774373853151,Safe,NORMAL
1774373853151,Safe,NORMAL
1774373853151,Safe,NORMAL
1774373853151,Safe,NORMAL
1774373853151,Safe,NORMAL
1774373853151,Safe,NORMAL
1774373853151,Safe,NORMAL
1774373853151,Safe,NORMAL
1774373853151,Safe,NORMAL
1774373853151,Safe,NORMAL
1774373853151,Safe,NORMAL
1774373853151,Safe,NORMAL
1774373853151,Safe,NORMAL
1774373853151,Safe,NORMAL
1774373853151,Safe,NORMAL
1774373853151,Safe,NORMAL
1774373853151,Safe,NORMAL
1774373853151,Safe,NORMAL
1774373853151,Safe,NORMAL
1774373853152,Safe,NORMAL
1774373853152,Safe,NORMAL
1774373853152,Safe,NORMAL
1774373853152,Safe,NORMAL
1774373853152,Safe,NORMAL
1774373853152,Safe,NORMAL
1774373853152,Safe,NORMAL
1774373853152,Safe,NORMAL
1774373853152,Safe,NORMAL
1774373853152,Safe,NORMAL
1774373853152,Safe,NORMAL
1774373853152,Safe,NORMAL
1774373853152,Safe,NORMAL
1774373853152,Safe,NORMAL
1774373853152,Safe,NORMAL
1774373853152,Safe,NORMAL
1774373853152,Safe,NORMAL
1774373853152,Safe,NORMAL
1774373853152,Safe,NORMAL
1774373853152,Safe,NORMAL
1774373853152,Safe,NORMAL
1774373853152,Safe,NORMAL
1774373853152,Safe,NORMAL
1774373853152,Safe,NORMAL
1774373853152,Safe,NORMAL
1774373853152,Safe,NORMAL
1774373853152,Safe,NORMAL
1774373853152,Safe,NORMAL
1774373853152,Safe,NORMAL
1774373853152,Safe,NORMAL
1774373853152,Safe,NORMAL
1774373853152,Safe,NORMAL
1774373853152,Safe,NORMAL
1774373853152,Safe,NORMAL
1774373853152,Safe,NORMAL
1774373853152,Safe,NORMAL
1774373853152,Safe,NORMAL
1774373853152,Safe,NORMAL
1774373853152,Safe,NORMAL
1774373853152,Safe,NORMAL
1774373853153,Safe,NORMAL
1774373853153,Safe,NORMAL
1774373853153,Safe,NORMAL
1774373853153,Safe,NORMAL
1774373853153,Safe,NORMAL
1774373853153,Safe,NORMAL
1774373853153,Safe,NORMAL
1774373853153,Safe,NORMAL
1774373853153,Safe,NORMAL
1774373853153,Safe,NORMAL
1774373853153,Safe,NORMAL
1774373853153,Safe,NORMAL
1774373853153,Safe,NORMAL
1774373853153,Safe,NORMAL
1774373853153,Safe,NORMAL
1774373853153,Safe,NORMAL
1774373853153,Safe,NORMAL
1774373853153,Safe,NORMAL
1774373853153,Safe,NORMAL
1774373853153,Safe,NORMAL
1774373853153,Safe,NORMAL
1774373853153,Safe,NORMAL
1774373853163,Safe,NORMAL
1774373853164,Safe,NORMAL
1774373853164,Safe,NORMAL
1774373853164,Safe,NORMAL
1774373853164,Safe,NORMAL
1774373853164,Safe,NORMAL
1774373853164,Safe,NORMAL
1774373853164,Safe,NORMAL
1774373853164,Safe,NORMAL
1774373853191,Safe,NORMAL
1774373853220,Safe,NORMAL
1774373853220,Safe,NORMAL
1774373853220,Safe,NORMAL
1774373853220,Safe,NORMAL
1774373853220,Safe,NORMAL
1774373853220,Safe,NORMAL
1774373853220,Safe,NORMAL
1774373853220,Safe,NORMAL
1774373853241,Safe,NORMAL
1774373853290,Safe,NORMAL
1774373853290,Safe,NORMAL
1774373853290,Safe,NORMAL
1774373853290,Safe,NORMAL
1774373853290,Safe,NORMAL
1774373853290,Safe,NORMAL
1774373853290,Safe,NORMAL
1774373853290,Safe,NORMAL
1774373853290,Safe,NORMAL
1774373853290,Safe,NORMAL
1774373853291,Safe,NORMAL
1774373853313,Safe,NORMAL
1774373853314,Safe,NORMAL
1774373853314,Safe,NORMAL
1774373853314,Safe,NORMAL
1774373853314,Safe,NORMAL
1774373853314,Safe,NORMAL
1774373853314,Safe,NORMAL
1774373853314,Safe,NORMAL
1774373853314,Safe,NORMAL
1774373853314,Safe,NORMAL
1774373853341,Safe,NORMAL
1774373853363,Safe,NORMAL
1774373853364,Safe,NORMAL
1774373853364,Safe,NORMAL
1774373853364,Safe,NORMAL
1774373853364,Safe,NORMAL
1774373853364,Safe,NORMAL
1774373853364,Safe,NORMAL
1774373853364,Safe,NORMAL
1774373853364,Safe,NORMAL
1774373853364,Safe,NORMAL
1774373853430,Safe,NORMAL
1774373853430,Safe,NORMAL
1774373853431,Safe,NORMAL
1774373853431,Safe,NORMAL
1774373853431,Safe,NORMAL
1774373853431,Safe,NORMAL
1774373853431,Safe,NORMAL
1774373853431,Safe,NORMAL
1774373853431,Safe,NORMAL
1774373853431,Safe,NORMAL
1774373853442,Safe,NORMAL
1774373853491,Safe,NORMAL
1774373853500,Safe,NORMAL
1774373853500,Safe,NORMAL
1774373853500,Safe,NORMAL
1774373853500,Safe,NORMAL
1774373853500,Safe,NORMAL
1774373853500,Safe,NORMAL
1774373853500,Safe,NORMAL
1774373853500,Safe,NORMAL
1774373853500,Safe,NORMAL
1774373853500,Safe,NORMAL
1774373853514,Safe,NORMAL
1774373853514,Safe,NORMAL
1774373853514,Safe,NORMAL
1774373853514,Safe,NORMAL
1774373853514,Safe,NORMAL
1774373853514,Safe,NORMAL
1774373853514,Safe,NORMAL
1774373853514,Safe,NORMAL
1774373853514,Safe,NORMAL
1774373853514,Safe,NORMAL
1774373853542,Safe,NORMAL
1774373853570,Safe,NORMAL
1774373853570,Safe,NORMAL
1774373853570,Safe,NORMAL
1774373853571,Safe,NORMAL
1774373853571,Safe,NORMAL
1774373853571,Safe,NORMAL
1774373853571,Safe,NORMAL
1774373853571,Safe,NORMAL
1774373853571,Safe,NORMAL
1774373853571,Safe,NORMAL
1774373853641,Safe,NORMAL
1774373853641,Safe,NORMAL
1774373853641,Safe,NORMAL
1774373853641,Safe,NORMAL
1774373853641,Safe,NORMAL
1774373853641,Safe,NORMAL
1774373853641,Safe,NORMAL
1774373853641,Safe,NORMAL
1774373853664,Safe,NORMAL
1774373853664,Safe,NORMAL
1774373853664,Safe,NORMAL
1774373853664,Safe,NORMAL
1774373853664,Safe,NORMAL
1774373853664,Safe,NORMAL
1774373853664,Safe,NORMAL
1774373853664,Safe,NORMAL
1774373853664,Safe,NORMAL
1774373853664,Safe,NORMAL
1774373853713,Safe,NORMAL
1774373853714,Safe,NORMAL
1774373853714,Safe,NORMAL
1774373853714,Safe,NORMAL
1774373853714,Safe,NORMAL
1774373853714,Safe,NORMAL
1774373853714,Safe,NORMAL
1774373853714,Safe,NORMAL
1774373853714,Safe,NORMAL
1774373853714,Safe,NORMAL
1774373853781,Safe,NORMAL
1774373853781,Safe,NORMAL
1774373853781,Safe,NORMAL
1774373853781,Safe,NORMAL
1774373853781,Safe,NORMAL
1774373853781,Safe,NORMAL
1774373853781,Safe,NORMAL
1774373853781,Safe,NORMAL
1774373853781,Safe,NORMAL
1774373853781,Safe,NORMAL
1774373853792,Safe,NORMAL
1774373853793,Safe,NORMAL
1774373853794,Safe,NORMAL
1774373853795,Safe,NORMAL
1774373853797,Safe,NORMAL
1774373853842,Safe,NORMAL
1774373853843,Safe,NORMAL
1774373853844,Safe,NORMAL
1774373853845,Safe,NORMAL
1774373853846,Safe,NORMAL
1774373853847,Safe,NORMAL
1774373853849,Safe,NORMAL
1774373853850,Safe,NORMAL
1774373853851,Safe,NORMAL
1774373853851,Safe,NORMAL
1774373853851,Safe,NORMAL
1774373853851,Safe,NORMAL
1774373853851,Safe,NORMAL
1774373853851,Safe,NORMAL
1774373853851,Safe,NORMAL
1774373853851,Safe,NORMAL
1774373853851,Safe,NORMAL
1774373853851,Safe,NORMAL
1774373853863,Safe,NORMAL
1774373853864,Safe,NORMAL
1774373853864,Safe,NORMAL
1774373853864,Safe,NORMAL
1774373853864,Safe,NORMAL
1774373853864,Safe,NORMAL
1774373853864,Safe,NORMAL
1774373853864,Safe,NORMAL
1774373853864,Safe,NORMAL
1774373853864,Safe,NORMAL
1774373853921,Safe,NORMAL
1774373853921,Safe,NORMAL
1774373853921,Safe,NORMAL
1774373853921,Safe,NORMAL
1774373853921,Safe,NORMAL
1774373853922,Safe,NORMAL
1774373853922,Safe,NORMAL
1774373853922,Safe,NORMAL
1774373853922,Safe,NORMAL
1774373853922,Safe,NORMAL
1774373853941,Safe,NORMAL
1774373853961,Safe,NORMAL
1774373853982,Safe,NORMAL
1774373853991,Safe,NORMAL
1774373853991,Safe,NORMAL
1774373853991,Safe,NORMAL
1774373853991,Safe,NORMAL
1774373853991,Safe,NORMAL
1774373853991,Safe,NORMAL
1774373853992,Safe,NORMAL
1774373853992,Safe,NORMAL
1774373853992,Safe,NORMAL
1774373853992,Safe,NORMAL
1774373854013,Safe,NORMAL
1774373854014,Safe,NORMAL
1774373854014,Safe,NORMAL
1774373854014,Safe,NORMAL
1774373854014,Safe,NORMAL
1774373854014,Safe,NORMAL
1774373854014,Safe,NORMAL
1774373854014,Safe,NORMAL
1774373854014,Safe,NORMAL
1774373854014,Safe,NORMAL
1774373854021,Safe,NORMAL
1774373854041,Safe,NORMAL
1774373854043,Safe,NORMAL
1774373854044,Safe,NORMAL
1774373854045,Safe,NORMAL
1774373854046,Safe,NORMAL
1774373854047,Safe,NORMAL
1774373854064,Safe,NORMAL
1774373854064,Safe,NORMAL
1774373854064,Safe,NORMAL
1774373854064,Safe,NORMAL
1774373854064,Safe,NORMAL
1774373854064,Safe,NORMAL
1774373854064,Safe,NORMAL
1774373854064,Safe,NORMAL
1774373854064,Safe,NORMAL
1774373854064,Safe,NORMAL
1774373854132,Safe,NORMAL
1774373854132,Safe,NORMAL
1774373854132,Safe,NORMAL
1774373854132,Safe,NORMAL
1774373854132,Safe,NORMAL
1774373854132,Safe,NORMAL
1774373854132,Safe,NORMAL
1774373854132,Safe,NORMAL
1774373854132,Safe,NORMAL
1774373854142,Safe,NORMAL
1774373854202,Safe,NORMAL
1774373854202,Safe,NORMAL
1774373854202,Safe,NORMAL
1774373854202,Safe,NORMAL
1774373854202,Safe,NORMAL
1774373854202,Safe,NORMAL
1774373854202,Safe,NORMAL
1774373854202,Safe,NORMAL
1774373854213,Safe,NORMAL
1774373854214,Safe,NORMAL
1774373854214,Safe,NORMAL
1774373854214,Safe,NORMAL
1774373854214,Safe,NORMAL
1774373854214,Safe,NORMAL
1774373854214,Safe,NORMAL
1774373854214,Safe,NORMAL
1774373854214,Safe,NORMAL
1774373854214,Safe,NORMAL
1774373854242,Safe,NORMAL
1774373854272,Safe,NORMAL
1774373854272,Safe,NORMAL
1774373854272,Safe,NORMAL
1774373854272,Safe,NORMAL
1774373854272,Safe,NORMAL
1774373854272,Safe,NORMAL
1774373854272,Safe,NORMAL
1774373854272,Safe,NORMAL
1774373854272,Safe,NORMAL
1774373854272,Safe,NORMAL
1774373854342,Safe,NORMAL
1774373854342,Safe,NORMAL
1774373854342,Safe,NORMAL
1774373854342,Safe,NORMAL
1774373854342,Safe,NORMAL
1774373854342,Safe,NORMAL
1774373854342,Safe,NORMAL
1774373854342,Safe,NORMAL
1774373854342,Safe,NORMAL
1774373854342,Safe,NORMAL
1774373854342,Safe,NORMAL
1774373854363,Safe,NORMAL
1774373854364,Safe,NORMAL
1774373854364,Safe,NORMAL
1774373854364,Safe,NORMAL
1774373854364,Safe,NORMAL
1774373854364,Safe,NORMAL
1774373854364,Safe,NORMAL
1774373854364,Safe,NORMAL
1774373854364,Safe,NORMAL
1774373854364,Safe,NORMAL
1774373854413,Safe,NORMAL
1774373854414,Safe,NORMAL
1774373854414,Safe,NORMAL
1774373854414,Safe,NORMAL
1774373854414,Safe,NORMAL
1774373854414,Safe,NORMAL
1774373854414,Safe,NORMAL
1774373854414,Safe,NORMAL
1774373854414,Safe,NORMAL
1774373854414,Safe,NORMAL
1774373854442,Safe,NORMAL
